Number of Rare Candies in a Deck of 60,Chance (%) of Not Bricking
1,10.0551%
2,19.1602%
3,27.544600000000003%
4,35.173700000000004%
